{
    "userdata" : [{
        "firstName": "Bill",
        "lastName": "Gates",
        "dob": "Dec 21, 1964",
        "income": 50000,
        "isWorking": true,
        "company": "Microsoft",
        "image": "assets/images/bill.jpg",
        "vote": 120
      },{
        "firstName": "Steve",
        "lastName": "Jobs",
        "dob": "Dec 1, 1964",
        "income": 0,
        "isWorking": false,
        "company": "Apple",
        "image": "assets/images/steve.png",
        "vote": 160
      },{
        "firstName": "Tim B.",
        "lastName": "Lee",
        "dob": "Jan 2, 1964",
        "income": 40000,
        "isWorking": true,
        "company": "World Wide Web",
        "image": "assets/images/tim.jpg",
        "vote": 200
      }]
}